,title,link
0,Bangladesh announces countrywide lockdown to curb Covid-19 spread,news.google.com/./articles/CBMihgFodHRwczovL3d3dy5pbmRpYXRvZGF5LmluL2Nvcm9uYXZpcnVzLW91dGJyZWFrL3N0b3J5L2JhbmdsYWRlc2gtYW5ub3VuY2VzLWNvdW50cnl3aWRlLWxvY2tkb3duLWN1cmItY292aWQtMTktc3ByZWFkLTE4MTk1NDQtMjAyMS0wNi0yNtIBigFodHRwczovL3d3dy5pbmRpYXRvZGF5LmluL2FtcC9jb3JvbmF2aXJ1cy1vdXRicmVhay9zdG9yeS9iYW5nbGFkZXNoLWFubm91bmNlcy1jb3VudHJ5d2lkZS1sb2NrZG93bi1jdXJiLWNvdmlkLTE5LXNwcmVhZC0xODE5NTQ0LTIwMjEtMDYtMjY?hl=en-IN&gl=IN&ceid=IN%3Aen
1,Latest News and Updates: Karnataka further relaxes Covid-19 lockdown norms,news.google.com/./articles/CBMib2h0dHBzOi8vZWNvbm9taWN0aW1lcy5pbmRpYXRpbWVzLmNvbS9uZXdzL25ld3NibG9ncy9sYXRlc3QtZGFpbHktbmV3cy1hbmQtdXBkYXRlcy1qdWx5LTAzL2xpdmVibG9nLzg0MDg0MjE4LmNtc9IBc2h0dHBzOi8vZWNvbm9taWN0aW1lcy5pbmRpYXRpbWVzLmNvbS9uZXdzL25ld3NibG9ncy9sYXRlc3QtZGFpbHktbmV3cy1hbmQtdXBkYXRlcy1qdWx5LTAzL2FtcF9saXZlYmxvZy84NDA4NDIxOC5jbXM?hl=en-IN&gl=IN&ceid=IN%3Aen
2,"Delhi govt waives 2 month-licence fee for bars in hotels, restaurants closed due to lockdown",news.google.com/./articles/CAIiEPgSm8WylCI8B43CGHLRYkAqGQgEKhAIACoHCAowzrL9CjDC7vQCMKCT1wU?hl=en-IN&gl=IN&ceid=IN%3Aen
3,Covid: Lockdown relaxed in Bengaluru and 18 other Karnataka districts from June 14,news.google.com/./articles/CAIiEJTCbjgBgnjtv_fV-Tl1iT8qGQgEKhAIACoHCAowzrL9CjDC7vQCMKCT1wU?hl=en-IN&gl=IN&ceid=IN%3Aen
4,"Lockdown, vax drive help bring down active caseload by over 7k",news.google.com/./articles/CAIiEPfechgIoGtpPg3S5wWgIg8qGQgEKhAIACoHCAowzrL9CjDC7vQCMKCT1wU?hl=en-IN&gl=IN&ceid=IN%3Aen
5,Karnataka: Kodagu could remain under lockdown,news.google.com/./articles/CAIiENZg7X3Aht4p5UuGEhGrFScqGQgEKhAIACoHCAowzrL9CjDC7vQCMKCT1wU?hl=en-IN&gl=IN&ceid=IN%3Aen
6,Covid: Putins lockdown lite as Moscow stops millions from dining out,news.google.com/./articles/CAIiEEXtbKW4si5mS-KQRX26bXIqGQgEKhAIACoHCAowsLXdCjCm3dEBMOThpAM?uo=CAUikAFodHRwczovL3d3dy5idXNpbmVzcy1zdGFuZGFyZC5jb20vYXJ0aWNsZS9pbnRlcm5hdGlvbmFsL2NvdmlkLXB1dGluLXMtbG9ja2Rvd24tbGl0ZS1hcy1tb3Njb3ctc3RvcHMtbWlsbGlvbnMtZnJvbS1kaW5pbmctb3V0LTEyMTA3MDMwMDgxMl8xLmh0bWzSAQA&hl=en-IN&gl=IN&ceid=IN%3Aen
7,"Arvind Kejriwal to address media, could ease Delhi's Covid-19 lockdown",news.google.com/./articles/CAIiEFljKbxLKWThPdLjkx6PYeAqFwgEKg4IACoGCAoww7k_MMevCDCDuK0G?uo=CAUiiwFodHRwczovL3d3dy5oaW5kdXN0YW50aW1lcy5jb20vY2l0aWVzL2RlbGhpLW5ld3MvYXJ2aW5kLWtlanJpd2FsLXRvLWFkZHJlc3MtbWVkaWEtY291bGQtZWFzZS1kZWxoaS1zLWNvdmlkLTE5LWxvY2tkb3duLTEwMTYyMzU1NjgyNTMzNi5odG1s0gEA&hl=en-IN&gl=IN&ceid=IN%3Aen
8,"Karnataka Lockdown: State Plans to Lift Weekend Curfew, Relax Night Curfew; May Reopen Malls, Shops; BS Yediy",news.google.com/./articles/CAIiEAhXxU5Fe6zLK_i0d4dnyq4qGQgEKhAIACoHCAow5dz4CjCO8d4CMLW6uAY?hl=en-IN&gl=IN&ceid=IN%3Aen
9,"Tamil Nadu lockdown extended by a week, e-pass for inter-district travel revoked",news.google.com/./articles/CAIiEGJm_oKRGayXCkX3Phbf4LgqFwgEKg4IACoGCAoww7k_MMevCDCj7PkG?uo=CAUijgFodHRwczovL3d3dy5oaW5kdXN0YW50aW1lcy5jb20vaW5kaWEtbmV3cy90YW1pbC1uYWR1LWxvY2tkb3duLWV4dGVuZGVkLWJ5LWEtd2Vlay1lLXBhc3MtZm9yLWludGVyLWRpc3RyaWN0LXRyYXZlbC1yZXZva2VkLTEwMTYyNTI0OTExMjg0OS5odG1s0gEA&hl=en-IN&gl=IN&ceid=IN%3Aen
10,Covid-19: These Indian states ease lockdown from Monday as cases dip. Details here,news.google.com/./articles/CAIiEBqnmX3hOCigJskdsIYrkLoqFwgEKg4IACoGCAowxLQ_MNevCDCyrdsG?uo=CAUibWh0dHBzOi8vd3d3LmxpdmVtaW50LmNvbS9uZXdzL2luZGlhL2NvdmlkMTktdGhlc2UtaW5kaWFuLXN0YXRlcy1lYXNlLWxvY2tkb3duLWZyb20tbW9uZGF5LTExNjIyODk2MDE1NjU5Lmh0bWzSAQA&hl=en-IN&gl=IN&ceid=IN%3Aen
11,"Top 10 Covid updates: TN extends lockdown till July 12 but eases curbs on hotels, transport services",news.google.com/./articles/CBMiggFodHRwczovL3Njcm9sbC5pbi9sYXRlc3QvOTk5MTYyL3RvcC0xMC1jb3ZpZC11cGRhdGVzLXRuLWV4dGVuZHMtbG9ja2Rvd24tdGlsbC1qdWx5LTEyLWJ1dC1lYXNlcy1jdXJicy1vbi1ob3RlbHMtdHJhbnNwb3J0LXNlcnZpY2Vz0gEA?hl=en-IN&gl=IN&ceid=IN%3Aen
12,Jharkhand disaster wing extends partial lockdown till July first,news.google.com/./articles/CAIiEHU1flm7nK8Mp96mkE1iKmEqGQgEKhAIACoHCAowzrL9CjDC7vQCMKCT1wU?hl=en-IN&gl=IN&ceid=IN%3Aen
13,Indian-origin doctors’ chief wants face masks to stay beyond lockdown in UK,news.google.com/./articles/CAIiELokCA3igFYtZ8nzDd8_kOsqFwgEKg4IACoGCAowxLQ_MNevCDCyrdsG?uo=CAUigQFodHRwczovL3d3dy5saXZlbWludC5jb20vbmV3cy93b3JsZC9pbmRpYW5vcmlnaW4tZG9jdG9ycy1jaGllZi13YW50cy1mYWNlLW1hc2tzLXRvLXN0YXktYmV5b25kLWxvY2tkb3duLWluLXVrLTExNjI1MzE0ODgyNDI4Lmh0bWzSAQA&hl=en-IN&gl=IN&ceid=IN%3Aen
14,"Kerala extends lockdown till 16 June, complete shutdown during the weekend. What's allowed, what's not",news.google.com/./articles/CAIiEJiQqt8594OvR26Tsramol4qFwgEKg4IACoGCAowxLQ_MNevCDCyrdsG?uo=CAUimwFodHRwczovL3d3dy5saXZlbWludC5jb20vbmV3cy9pbmRpYS9rZXJhbGEtZXh0ZW5kcy1sb2NrZG93bi10aWxsLTE2LWp1bmUtY29tcGxldGUtc2h1dGRvd24tZHVyaW5nLXRoZS13ZWVrZW5kLXdoYXQtcy1hbGxvd2VkLXdoYXQtcy1ub3QtMTE2MjMwNzIwNjkwOTUuaHRtbNIBAA&hl=en-IN&gl=IN&ceid=IN%3Aen
15,Lockdown now from Thursday,news.google.com/./articles/CBMiSWh0dHBzOi8vd3d3LnRoZWRhaWx5c3Rhci5uZXQvZnJvbnRwYWdlL25ld3MvbG9ja2Rvd24tbm93LXRodXJzZGF5LTIxMTkwMTfSAU1odHRwczovL3d3dy50aGVkYWlseXN0YXIubmV0L2Zyb250cGFnZS9uZXdzL2xvY2tkb3duLW5vdy10aHVyc2RheS0yMTE5MDE3P2FtcA?hl=en-IN&gl=IN&ceid=IN%3Aen
16,"Analysis: Indonesia looked to India on lockdown, but didn't adopt its policy",news.google.com/./articles/CBMibWh0dHBzOi8vd3d3LnJldXRlcnMuY29tL3dvcmxkL2FzaWEtcGFjaWZpYy9pbmRvbmVzaWEtbG9va2VkLWluZGlhLWxvY2tkb3duLWRpZG50LWFkb3B0LWl0cy1wb2xpY3ktMjAyMS0wNy0wMi_SAQA?hl=en-IN&gl=IN&ceid=IN%3Aen
17,Tips to tackle stress and build concentration for exams amid Covid-19,news.google.com/./articles/CBMilgFodHRwczovL3d3dy5pbmRpYXRvZGF5LmluL2VkdWNhdGlvbi10b2RheS9mZWF0dXJlcGhpbGlhL3N0b3J5L3RpcHMtdG8tdGFja2xlLXN0cmVzcy1hbmQtYnVpbGQtY29uY2VudHJhdGlvbi1mb3ItZXhhbXMtYW1pZC1jb3ZpZC0xOS0xODIzMTQ0LTIwMjEtMDctMDLSAZoBaHR0cHM6Ly93d3cuaW5kaWF0b2RheS5pbi9hbXAvZWR1Y2F0aW9uLXRvZGF5L2ZlYXR1cmVwaGlsaWEvc3RvcnkvdGlwcy10by10YWNrbGUtc3RyZXNzLWFuZC1idWlsZC1jb25jZW50cmF0aW9uLWZvci1leGFtcy1hbWlkLWNvdmlkLTE5LTE4MjMxNDQtMjAyMS0wNy0wMg?hl=en-IN&gl=IN&ceid=IN%3Aen
18,Telangana extends Covid-19 lockdown till June 19 with some relaxation,news.google.com/./articles/CAIiECpJP2sY1zVhPL98QtjfB1QqFwgEKg4IACoGCAoww7k_MMevCDCj7PkG?uo=CAUihAFodHRwczovL3d3dy5oaW5kdXN0YW50aW1lcy5jb20vaW5kaWEtbmV3cy90ZWxhbmdhbmEtZXh0ZW5kcy1jb3ZpZC0xOS1sb2NrZG93bi10aWxsLWp1bmUtMTktd2l0aC1zb21lLXJlbGF4YXRpb24tMTAxNjIzMTY3OTE2MTkxLmh0bWzSAQA&hl=en-IN&gl=IN&ceid=IN%3Aen
19,Covid-19: 'Dungeons and Dragons got us through lockdown',news.google.com/./articles/CBMiKmh0dHBzOi8vd3d3LmJiYy5jb20vbmV3cy91ay13YWxlcy01NzYzNjM3ONIBLmh0dHBzOi8vd3d3LmJiYy5jb20vbmV3cy91ay13YWxlcy01NzYzNjM3OC5hbXA?hl=en-IN&gl=IN&ceid=IN%3Aen
20,One-month Kerala lockdown costs workers Rs 10.500 crore in wages,news.google.com/./articles/CAIiEC-XDFeeu52vVhQZ-T6ziGsqGAgEKg8IACoHCAowop2lATDj4RowpbvJBQ?hl=en-IN&gl=IN&ceid=IN%3Aen
21,"Lockdown brought people closer, improved father-child bonding",news.google.com/./articles/CAIiENuM3A7seAlI_hbZlVuGyJYqGQgEKhAIACoHCAowzrL9CjDC7vQCMKCT1wU?hl=en-IN&gl=IN&ceid=IN%3Aen
22,Gyms to reopen as lockdown further eased by government - 5 health tips to keep in mind to return to gym safely,news.google.com/./articles/CAIiEBKC4O6XQH2NT2cIKZhh0E0qGQgEKhAIACoHCAowr6n9CjCr4PQCMJOV2AU?hl=en-IN&gl=IN&ceid=IN%3Aen
23,"COVID updates: Lockdown to end for Brisbane and Moreton Bay, Qld records five new cases",news.google.com/./articles/CAIiEFxxWLraxWTs6WcFwy8fcbUqFwgEKg4IACoGCAow3vI9MPeaCDDEvrgG?hl=en-IN&gl=IN&ceid=IN%3Aen
24,Delhi: 9.5 lakh issued traffic violation notices during lockdown,news.google.com/./articles/CAIiELN9h7z9rA8BNJZX5p_YTKwqGAgEKg8IACoHCAow3rvTBDD89X4w8YzmBQ?uo=CAUid2h0dHBzOi8vaW5kaWFuZXhwcmVzcy5jb20vYXJ0aWNsZS9jaXRpZXMvZGVsaGkvZGVsaGktOS01LWxha2gtaXNzdWVkLXRyYWZmaWMtdmlvbGF0aW9uLW5vdGljZXMtZHVyaW5nLWxvY2tkb3duLTczNTU1Nzgv0gEA&hl=en-IN&gl=IN&ceid=IN%3Aen
25,COVID live updates: NSW records 16 new cases as Premier warns Sydney to 'stay at home',news.google.com/./articles/CAIiEAjXyAT4wOeEMN8hxZytKUUqFwgEKg4IACoGCAow3vI9MPeaCDDEvrgG?hl=en-IN&gl=IN&ceid=IN%3Aen
26,AP extends lockdown till June 20,news.google.com/./articles/CAIiEIrVmJtz3Ebd2IZWo_jWBdUqMwgEKioIACIQFQfzF3WVO_StMbN5PbPxLioUCAoiEBUH8xd1lTv0rTGzeT2z8S4w04uABw?uo=CAUiY2h0dHBzOi8vd3d3LmRlY2NhbmNocm9uaWNsZS5jb20vbmF0aW9uL2N1cnJlbnQtYWZmYWlycy8wNzA2MjEvYXAtZXh0ZW5kcy1sb2NrZG93bi10aWxsLWp1bmUtMjAuaHRtbNIBAA&hl=en-IN&gl=IN&ceid=IN%3Aen
27,In Photos: Astronomy Photographer Of The Year’s 5 Incredible Images From Lockdown That Prove You Can Go Stargazing From Any City,news.google.com/./articles/CAIiEPzBLzJDzIZm-ObZstgSbxIqFQgEKg0IACoGCAowrqkBMKBFMMGBAg?hl=en-IN&gl=IN&ceid=IN%3Aen
28,Lockdown means destitution for them,news.google.com/./articles/CAIiENCa_w1IGpTQjlFvtwZ9G-kqMwgEKioIACIQJbve6wuK-o8JJ5BGxJS9FCoUCAoiECW73usLivqPCSeQRsSUvRQwqKiHBw?hl=en-IN&gl=IN&ceid=IN%3Aen
29,Bhubaneswar NGO provides unprivileged kids smartphones to ensure education during lockdown,news.google.com/./articles/CBMiU2h0dHBzOi8vaW4ubmV3cy55YWhvby5jb20vYmh1YmFuZXN3YXItbmdvLXByb3ZpZGVzLXVucHJpdmlsZWdlZC1raWRzLTE3NDMyMDAwMy5odG1s0gFbaHR0cHM6Ly9pbi5uZXdzLnlhaG9vLmNvbS9hbXBodG1sL2JodWJhbmVzd2FyLW5nby1wcm92aWRlcy11bnByaXZpbGVnZWQta2lkcy0xNzQzMjAwMDMuaHRtbA?hl=en-IN&gl=IN&ceid=IN%3Aen
30,Domestic workers: Caught between lockdown and stigma in Kerala,news.google.com/./articles/CAIiEJ0-CaZ7mU6m4cNbmrVTalIqGAgEKg8IACoHCAowop2lATDj4RowpbvJBQ?hl=en-IN&gl=IN&ceid=IN%3Aen
31,"Delhi lockdown – what’s open, what’s not as lockdown slowly lifts",news.google.com/./articles/CAIiEK2U2ImI_RhScN9lfBAhYaIqGAgEKg8IACoHCAow3rvTBDD89X4w8YzmBQ?uo=CAUiWWh0dHBzOi8vaW5kaWFuZXhwcmVzcy5jb20vYXJ0aWNsZS9jaXRpZXMvZGVsaGkvZGVsaGktdW5sb2NrLXdoYXRzLW9wZW4td2hhdHMtbm90LTczNTA1NzAv0gEA&hl=en-IN&gl=IN&ceid=IN%3Aen
32,"UPI Transactions Hit 2.8 Billion in June, All-Time High as Lockdown Lifts",news.google.com/./articles/CAIiEB3z_IIq4pnThCdXLwIk1-UqGQgEKhAIACoHCAow5qqNCzD4q58DMOHikAc?hl=en-IN&gl=IN&ceid=IN%3Aen
33,Delhi eases lockdown rules. What will open from Monday,news.google.com/./articles/CAIiEA_HoeyNqg60BpEnoImVSHIqFwgEKg4IACoGCAoww7k_MMevCDC0rdgG?uo=CAUie2h0dHBzOi8vd3d3LmhpbmR1c3RhbnRpbWVzLmNvbS9jaXRpZXMvZGVsaGktbmV3cy9kZWxoaS1lYXNlcy1sb2NrZG93bi1ydWxlcy13aGF0LXdpbGwtb3Blbi1mcm9tLW1vbmRheS0xMDE2MjI4Nzg1Njk4MTAuaHRtbNIBAA&hl=en-IN&gl=IN&ceid=IN%3Aen
34,Telangana lockdown to be extended further? CM KCR to take call on 8 June,news.google.com/./articles/CAIiEEXWROMm2LQdPKClhlfZ_fcqFwgEKg4IACoGCAowxLQ_MNevCDCyrdsG?uo=CAUif2h0dHBzOi8vd3d3LmxpdmVtaW50LmNvbS9uZXdzL2luZGlhL3RlbGFuZ2FuYS1sb2NrZG93bi10by1iZS1leHRlbmRlZC1mdXJ0aGVyLWNtLWtjci10by10YWtlLWNhbGwtb24tOC1qdW5lLTExNjIyOTcwODEzMzQzLmh0bWzSAQA&hl=en-IN&gl=IN&ceid=IN%3Aen
35,Jharkhand announces 38-hour lockdown starting June 12. All you need to know,news.google.com/./articles/CAIiEHUshrFsp0Y7YPFnD2dlWAkqFwgEKg4IACoGCAoww7k_MMevCDCDuK0G?uo=CAUikQFodHRwczovL3d3dy5oaW5kdXN0YW50aW1lcy5jb20vY2l0aWVzL3JhbmNoaS1uZXdzL2poYXJraGFuZC1hbm5vdW5jZXMtMzgtaG91ci1sb2NrZG93bi1zdGFydGluZy1qdW5lLTEyLWFsbC15b3UtbmVlZC10by1rbm93LTEwMTYyMzI1NTkxNjI1MC5odG1s0gEA&hl=en-IN&gl=IN&ceid=IN%3Aen
36,Bangladesh deploys army as strict week-long COVID lockdown begins,news.google.com/./articles/CAIiEJrTPTd5-f0pi_QQDrEGaOEqFQgEKgwIACoFCAowhgIwkDgwsPqTBw?hl=en-IN&gl=IN&ceid=IN%3Aen
37,Stricter Covid-19 lockdown keeps Malaysia's Klang Valley quiet even without massive enforcement,news.google.com/./articles/CAIiEI-uvqMa5FTfPwGzLpYO6lQqGQgEKhAIACoHCAow_7X3CjCh49YCMMa2pwU?hl=en-IN&gl=IN&ceid=IN%3Aen
38,Tamil Nadu Covid lockdown news: State government cancels Class 12 board examinations due to coronavirus situation,news.google.com/./articles/CBMihwFodHRwczovL3RpbWVzb2ZpbmRpYS5pbmRpYXRpbWVzLmNvbS9jaXR5L2NoZW5uYWkvdGFtaWwtbmFkdS1jaGVubmFpLWxvY2tkb3duLWNvdmlkLWNhc2VzLWxpdmUtdXBkYXRlcy00LWp1bmUtMjAyMS9saXZlYmxvZy84MzIyMzEwNi5jbXPSAYsBaHR0cHM6Ly90aW1lc29maW5kaWEuaW5kaWF0aW1lcy5jb20vY2l0eS9jaGVubmFpL3RhbWlsLW5hZHUtY2hlbm5haS1sb2NrZG93bi1jb3ZpZC1jYXNlcy1saXZlLXVwZGF0ZXMtNC1qdW5lLTIwMjEvYW1wX2xpdmVibG9nLzgzMjIzMTA2LmNtcw?hl=en-IN&gl=IN&ceid=IN%3Aen
39,Live updates: Telangana extends the lockdown till June 19,news.google.com/./articles/CBMioAFodHRwczovL3RpbWVzb2ZpbmRpYS5pbmRpYXRpbWVzLmNvbS9jaXR5L2xpdmUtbmV3cy1mcm9tLWNpdGllcy1uaWdodC1jdXJmZXctbG9ja2Rvd24taW4tdXAtcmFqYXN0aGFuLW1wLWpoYXJraGFuZC1jaGhhdHRpc2dhcmgtOC1qdW5lLTIwMjEvbGl2ZWJsb2cvODMzMjcxMDYuY21z0gGkAWh0dHBzOi8vdGltZXNvZmluZGlhLmluZGlhdGltZXMuY29tL2NpdHkvbGl2ZS1uZXdzLWZyb20tY2l0aWVzLW5pZ2h0LWN1cmZldy1sb2NrZG93bi1pbi11cC1yYWphc3RoYW4tbXAtamhhcmtoYW5kLWNoaGF0dGlzZ2FyaC04LWp1bmUtMjAyMS9hbXBfbGl2ZWJsb2cvODMzMjcxMDYuY21z?hl=en-IN&gl=IN&ceid=IN%3Aen
40,Cases continue to rise as federal government announces pandemic exit plan – as it happened,news.google.com/./articles/CAIiENxST6tONfAwZZrZp4YOC1kqGQgEKhAIACoHCAow1OuiCzCX9roDMIrJgQc?hl=en-IN&gl=IN&ceid=IN%3Aen
41,Lockdown extended for Brisbane and Moreton Bay but lifted tonight for other parts of Queensland,news.google.com/./articles/CAIiEF2piBKrHgprXhT_czWPlewqFwgEKg4IACoGCAow3vI9MPeaCDD6kIkG?hl=en-IN&gl=IN&ceid=IN%3Aen
42,'We thought we were Australian': Melbourne tower lockdown lives on in legacy of trauma,news.google.com/./articles/CAIiEDBjVrRjkIF6LXVhhwea4m0qGQgEKhAIACoHCAow1OuiCzCX9roDMK7DgQc?hl=en-IN&gl=IN&ceid=IN%3Aen
43,Kerala enters stepped-up COVID-19 lockdown phase till June 9,news.google.com/./articles/CBMifmh0dHBzOi8vd3d3LnRoZWhpbmR1LmNvbS9uZXdzL25hdGlvbmFsL2tlcmFsYS9rZXJhbGEtZW50ZXJzLXN0ZXBwZWQtdXAtY292aWQtMTktbG9ja2Rvd24tcGhhc2UtdGlsbC1qdW5lLTkvYXJ0aWNsZTM0NzM0MjIzLmVjZdIBgwFodHRwczovL3d3dy50aGVoaW5kdS5jb20vbmV3cy9uYXRpb25hbC9rZXJhbGEva2VyYWxhLWVudGVycy1zdGVwcGVkLXVwLWNvdmlkLTE5LWxvY2tkb3duLXBoYXNlLXRpbGwtanVuZS05L2FydGljbGUzNDczNDIyMy5lY2UvYW1wLw?hl=en-IN&gl=IN&ceid=IN%3Aen
44,Is Tomorrow Lockdown? Use This Website to Find Out.,news.google.com/./articles/CAIiEMwpJHaCGZCBU7xDhpSxt4oqMwgEKioIACIQJbve6wuK-o8JJ5BGxJS9FCoUCAoiECW73usLivqPCSeQRsSUvRQwqKiHBw?hl=en-IN&gl=IN&ceid=IN%3Aen
45,"Coronavirus LIVE: Kerala reports 13,658 new cases; 4,506 in Tamil Nadu",news.google.com/./articles/CAIiEKQRPFNjNcLR--MVO7NKR70qGQgEKhAIACoHCAowsLXdCjCm3dEBMOThpAM?uo=CAUirgFodHRwczovL3d3dy5idXNpbmVzcy1zdGFuZGFyZC5jb20vYXJ0aWNsZS9jdXJyZW50LWFmZmFpcnMvY29yb25hdmlydXMtbGl2ZS11cGRhdGVzLWluZGlhLWxvY2tkb3duLWNvdmlkLXZhY2NpbmUtZGVsdGEtdmFyaWFudC1jb3JvbmEtZGVhdGgtdG9sbC1oaWdobGlnaHRzLTEyMTA2MzAwMDEyNl8xLmh0bWzSAQA&hl=en-IN&gl=IN&ceid=IN%3Aen
46,Malaysia's Recent Surge In COVID Infections Leads To A New Lockdown And New Worries,news.google.com/./articles/CAIiEBVkr8QCOloLiZehYKmnFeQqFggEKg4IACoGCAow9vBNMK3UCDCvpUk?hl=en-IN&gl=IN&ceid=IN%3Aen
47,The anti-lockdown movement is still going strong,news.google.com/./articles/CBMiXWh0dHBzOi8vd3d3LmVjb25vbWlzdC5jb20vYnJpdGFpbi8yMDIxLzA3LzAzL3RoZS1hbnRpLWxvY2tkb3duLW1vdmVtZW50LWlzLXN0aWxsLWdvaW5nLXN0cm9uZ9IBAA?hl=en-IN&gl=IN&ceid=IN%3Aen
48,Covid: Youth clubs fear for children 'lost to the streets' in pandemic,news.google.com/./articles/CBMiKmh0dHBzOi8vd3d3LmJiYy5jb20vbmV3cy91ay13YWxlcy01NzQ2ODQ2MtIBLmh0dHBzOi8vd3d3LmJiYy5jb20vbmV3cy91ay13YWxlcy01NzQ2ODQ2Mi5hbXA?hl=en-IN&gl=IN&ceid=IN%3Aen
49,Aspiring party planner left with £29k bill after lockdown-flouting Knightsbridge New Year party,news.google.com/./articles/CAIiEO4H2bsqnXBVRCvPNo_9w3oqFggEKg4IACoGCAowqvB9MMTRCTC19BU?uo=CAUibGh0dHBzOi8vd3d3LnN0YW5kYXJkLmNvLnVrL25ld3MvY3JpbWUvY292aWQtbG9ja2Rvd24tcGFydHkta25pZ2h0c2JyaWRnZS1wb2xpY2UtZXhoaWJpdGlvbi1yb2FkLWI5NDMzNTIuaHRtbNIBAA&hl=en-IN&gl=IN&ceid=IN%3Aen
50,Joseph Jackson Spent Time Under his Microscope While in Lockdown,news.google.com/./articles/CBMiTWh0dHBzOi8vZmluYW5jZS55YWhvby5jb20vbmV3cy9qb3NlcGgtamFja3Nvbi1zcGVudC10aW1lLXVuZGVyLTE2MDAwMDExNy5odG1s0gFVaHR0cHM6Ly9maW5hbmNlLnlhaG9vLmNvbS9hbXBodG1sL25ld3Mvam9zZXBoLWphY2tzb24tc3BlbnQtdGltZS11bmRlci0xNjAwMDAxMTcuaHRtbA?hl=en-IN&gl=IN&ceid=IN%3Aen
51,Rajasthan modifies lockdown to ease restrictions,news.google.com/./articles/CBMieGh0dHBzOi8vd3d3LnRoZWhpbmR1LmNvbS9uZXdzL25hdGlvbmFsL290aGVyLXN0YXRlcy9yYWphc3RoYW4tbW9kaWZpZXMtbG9ja2Rvd24tdG8tZWFzZS1yZXN0cmljdGlvbnMvYXJ0aWNsZTM0NzU3MDExLmVjZdIBfWh0dHBzOi8vd3d3LnRoZWhpbmR1LmNvbS9uZXdzL25hdGlvbmFsL290aGVyLXN0YXRlcy9yYWphc3RoYW4tbW9kaWZpZXMtbG9ja2Rvd24tdG8tZWFzZS1yZXN0cmljdGlvbnMvYXJ0aWNsZTM0NzU3MDExLmVjZS9hbXAv?hl=en-IN&gl=IN&ceid=IN%3Aen
52,Andhra Pradesh government extends curfew till June 20,news.google.com/./articles/CAIiEBvL4azCcmHxUxSjytnUG4YqGQgEKhAIACoHCAowzrL9CjDC7vQCMKCT1wU?hl=en-IN&gl=IN&ceid=IN%3Aen
53,Lockdown with kids: Each shutdown gets a little bit harder. Here's how we keep busy,news.google.com/./articles/CAIiEP-4AhaRAHdl3XIrcZm0BMsqFwgEKg4IACoGCAow3vI9MPeaCDDoiokG?hl=en-IN&gl=IN&ceid=IN%3Aen
54,Why burned-out parents are travelling solo post-lockdown,news.google.com/./articles/CBMiZGh0dHBzOi8vd3d3LnRlbGVncmFwaC5jby51ay90cmF2ZWwvZmFtaWx5LWhvbGlkYXlzL2J1cm5lZC1vdXQtcGFyZW50cy10cmF2ZWxsaW5nLXNvbG8tcG9zdC1sb2NrZG93bi_SAQA?hl=en-IN&gl=IN&ceid=IN%3Aen
55,Javid and Sunak will defeat the lockdown doom-mongers,news.google.com/./articles/CBMiXmh0dHBzOi8vd3d3LnRlbGVncmFwaC5jby51ay9idXNpbmVzcy8yMDIxLzA3LzA0L2phdmlkLXN1bmFrLXdpbGwtZGVmZWF0LWxvY2tkb3duLWRvb20tbW9uZ2Vycy_SAWJodHRwczovL3d3dy50ZWxlZ3JhcGguY28udWsvYnVzaW5lc3MvMjAyMS8wNy8wNC9qYXZpZC1zdW5hay13aWxsLWRlZmVhdC1sb2NrZG93bi1kb29tLW1vbmdlcnMvYW1wLw?hl=en-IN&gl=IN&ceid=IN%3Aen
56,"Yes, lockdowns are costly. But the alternatives are worse",news.google.com/./articles/CBMiWmh0dHBzOi8vdGhlY29udmVyc2F0aW9uLmNvbS95ZXMtbG9ja2Rvd25zLWFyZS1jb3N0bHktYnV0LXRoZS1hbHRlcm5hdGl2ZXMtYXJlLXdvcnNlLTE2MzU3MtIBXmh0dHBzOi8vdGhlY29udmVyc2F0aW9uLmNvbS9hbXAveWVzLWxvY2tkb3ducy1hcmUtY29zdGx5LWJ1dC10aGUtYWx0ZXJuYXRpdmVzLWFyZS13b3JzZS0xNjM1NzI?hl=en-IN&gl=IN&ceid=IN%3Aen
57,A ‘joke’ in the name of lockdown: Fakhrul,news.google.com/./articles/CBMiTWh0dHBzOi8vd3d3LnRoZWRhaWx5c3Rhci5uZXQvY2l0eS9uZXdzL2pva2UtdGhlLW5hbWUtbG9ja2Rvd24tZmFraHJ1bC0yMTE5NDg10gFRaHR0cHM6Ly93d3cudGhlZGFpbHlzdGFyLm5ldC9jaXR5L25ld3Mvam9rZS10aGUtbmFtZS1sb2NrZG93bi1mYWtocnVsLTIxMTk0ODU_YW1w?hl=en-IN&gl=IN&ceid=IN%3Aen
58,Why a lockdown should not last for the entire Covid wave,news.google.com/./articles/CAIiEKAgHhuJwgFs8BYOuMukvbIqGQgEKhAIACoHCAowzrL9CjDC7vQCMJmD1wU?hl=en-IN&gl=IN&ceid=IN%3Aen
59,"Lockdown Lifted In Noida From Today. Check New Unlock Guidelines For Shops, Offices",news.google.com/./articles/CAIiEMi7OO-sq3DZ3TtxCWFrCHkqGQgEKhAIACoHCAow5dz4CjCO8d4CMLW6uAY?hl=en-IN&gl=IN&ceid=IN%3Aen
60,Desperate Malaysians fly white flags as a call for help to survive COVID-19 lockdown,news.google.com/./articles/CBMiamh0dHBzOi8vd3d3LmNoYW5uZWxuZXdzYXNpYS5jb20vbmV3cy9hc2lhL21hbGF5c2lhLWZseS13aGl0ZS1mbGFnLWNhbGwtZm9yLWhlbHAtY292aWQtMTktbG9ja2Rvd24tMTUxMzgxMDDSAQA?hl=en-IN&gl=IN&ceid=IN%3Aen
61,WA Premier Mark McGowan seeks to clarify rules as Perth and Peel emerge from lockdown,news.google.com/./articles/CAIiEE_HornxSaEqVw5qvc7JIxUqFggEKg4IACoGCAow3vI9MPeaCDDciw4?hl=en-IN&gl=IN&ceid=IN%3Aen
62,"Looming lockdown in Bangladesh threatens apparel retailers H&M, Levi's, S&P Global says",news.google.com/./articles/CAIiEAh3WLISH45zzLpVB5Z2nR8qGQgEKhAIACoHCAow2Nb3CjDivdcCMP3ungY?hl=en-IN&gl=IN&ceid=IN%3Aen
63,"Curbing Delta’s force, vaccines keep Israel’s hospitals calm and avert lockdown",news.google.com/./articles/CBMia2h0dHBzOi8vd3d3LnRpbWVzb2Zpc3JhZWwuY29tL2N1cmJpbmctZGVsdGFzLWZvcmNlLXZhY2NpbmVzLWtlZXAtaXNyYWVscy1ob3NwaXRhbHMtY2FsbS1hbmQtYXZlcnQtbG9ja2Rvd24v0gFvaHR0cHM6Ly93d3cudGltZXNvZmlzcmFlbC5jb20vY3VyYmluZy1kZWx0YXMtZm9yY2UtdmFjY2luZXMta2VlcC1pc3JhZWxzLWhvc3BpdGFscy1jYWxtLWFuZC1hdmVydC1sb2NrZG93bi9hbXAv?hl=en-IN&gl=IN&ceid=IN%3Aen
64,Pandemic Lockdown Eases Mountain Lions’ Fear of Urban Areas,news.google.com/./articles/CBMia2h0dHBzOi8vd3d3LnRoZS1zY2llbnRpc3QuY29tL25ld3Mtb3Bpbmlvbi9wYW5kZW1pYy1sb2NrZG93bi1lYXNlcy1tb3VudGFpbi1saW9ucy1mZWFyLW9mLXVyYmFuLWFyZWFzLTY4OTQz0gFvaHR0cHM6Ly93d3cudGhlLXNjaWVudGlzdC5jb20vbmV3cy1vcGluaW9uL3BhbmRlbWljLWxvY2tkb3duLWVhc2VzLW1vdW50YWluLWxpb25zLWZlYXItb2YtdXJiYW4tYXJlYXMtNjg5NDMvYW1w?hl=en-IN&gl=IN&ceid=IN%3Aen
65,How Oregon underwear company Arq became an Instagram hit during pandemic lockdown,news.google.com/./articles/CAIiECfsVtn2BKSBI2wpwQasslMqGQgEKhAIACoHCAownqX_CjCltfgCMJm5pAY?hl=en-IN&gl=IN&ceid=IN%3Aen
66,NSW sees ‘green shoots’ despite high daily count as Brisbane lockdown ends – as it happened,news.google.com/./articles/CAIiEGxSHGAZzCAk1er6FDmD39oqGQgEKhAIACoHCAow1OuiCzCX9roDMIjVggc?hl=en-IN&gl=IN&ceid=IN%3Aen
67,Actions of Russian regional authorities aim to prevent lockdown — Putin,news.google.com/./articles/CBMiIWh0dHBzOi8vdGFzcy5jb20vcG9saXRpY3MvMTMwODc2N9IBJWh0dHBzOi8vdGFzcy5jb20vcG9saXRpY3MvMTMwODc2Ny9hbXA?hl=en-IN&gl=IN&ceid=IN%3Aen
68,"Qld Covid lockdown restrictions: update to Brisbane, south-east Queensland and Townsville coronavirus rules explained",news.google.com/./articles/CAIiEBV2TvAwfBcf_YU9aGttRKkqFwgEKg4IACoGCAowl6p7MN-zCTCF1IAH?hl=en-IN&gl=IN&ceid=IN%3Aen
69,'Team became a family': Pakistan coach Misbah grateful for England lockdown experience,news.google.com/./articles/CAIiEHpBRsnAVJYSzxv5g7vYaj8qGAgEKg8IACoHCAowop2lATDj4Row3MTJBQ?hl=en-IN&gl=IN&ceid=IN%3Aen
70,How deliveries of ready meals helped catering companies overcome lockdown,news.google.com/./articles/CAIiEFqpuKi_37fKooFeGhVcxhoqGAgEKg8IACoHCAowr9eeCTDYlm4wpJGLBg?hl=en-IN&gl=IN&ceid=IN%3Aen
71,"Man charged after alleged car theft rampage starts with taxi, causes four crashes",news.google.com/./articles/CBMiqwFodHRwczovL3d3dy50aGVhdXN0cmFsaWFuLmNvbS5hdS9icmVha2luZy1uZXdzL21hbi1jaGFyZ2VkLWFmdGVyLWFsbGVnZWQtY2FyLXRoZWZ0LXJhbXBhZ2Utc3RhcnRzLXdpdGgtdGF4aS1jYXVzZXMtZm91ci1jcmFzaGVzL25ld3Mtc3RvcnkvZTY1NmQ2YjlkMDMyNjNhZjI1NTRmNDMyMmU2NTcxMGPSAasBaHR0cHM6Ly9hbXAudGhlYXVzdHJhbGlhbi5jb20uYXUvYnJlYWtpbmctbmV3cy9tYW4tY2hhcmdlZC1hZnRlci1hbGxlZ2VkLWNhci10aGVmdC1yYW1wYWdlLXN0YXJ0cy13aXRoLXRheGktY2F1c2VzLWZvdXItY3Jhc2hlcy9uZXdzLXN0b3J5L2U2NTZkNmI5ZDAzMjYzYWYyNTU0ZjQzMjJlNjU3MTBj?hl=en-IN&gl=IN&ceid=IN%3Aen
72,Melancholic beauty: Lockdown through Sydneysiders’ eyes (and lenses),news.google.com/./articles/CAIiEM758bVBgV83J8NoksLeZd0qGQgEKhAIACoHCAowxqmICzDg_IYDMIGkmwY?uo=CAUidWh0dHBzOi8vd3d3LnNtaC5jb20uYXUvbmF0aW9uYWwvbWVsYW5jaG9saWMtYmVhdXR5LWxvY2tkb3duLXRocm91Z2gtc3lkbmV5c2lkZXJzLWV5ZXMtYW5kLWxlbnNlcy0yMDIxMDcwMi1wNTg2ZmsuaHRtbNIBAA&hl=en-IN&gl=IN&ceid=IN%3Aen
73,"Lockdown cooking take two: this time, it’s easier, says Nagi Maehashi",news.google.com/./articles/CAIiEJHvz4jjeowVzubxG0ZfAG8qGQgEKhAIACoHCAowxqmICzDg_IYDMIGkmwY?uo=CAUid2h0dHBzOi8vd3d3LnNtaC5jb20uYXUvbmF0aW9uYWwvbG9ja2Rvd24tY29va2luZy10YWtlLXR3by10aGlzLXRpbWUtaXQtcy1lYXNpZXItc2F5cy1uYWdpLW1hZWhhc2hpLTIwMjEwNjMwLXA1ODVxcC5odG1s0gEA&hl=en-IN&gl=IN&ceid=IN%3Aen
74,"Covid-19 lockdown: Alcohol bans reduce 'unnatural deaths', SA study finds",news.google.com/./articles/CBMifWh0dHBzOi8vd3d3Lm5ld3MyNC5jb20vbmV3czI0L3NvdXRoYWZyaWNhL25ld3MvY292aWQtMTktbG9ja2Rvd24tYWxjb2hvbC1iYW5zLXJlZHVjZS11bm5hdHVyYWwtZGVhdGhzLXNhLXN0dWR5LWZpbmRzLTIwMjEwNzAz0gGBAWh0dHBzOi8vd3d3Lm5ld3MyNC5jb20vYW1wL25ld3MyNC9zb3V0aGFmcmljYS9uZXdzL2NvdmlkLTE5LWxvY2tkb3duLWFsY29ob2wtYmFucy1yZWR1Y2UtdW5uYXR1cmFsLWRlYXRocy1zYS1zdHVkeS1maW5kcy0yMDIxMDcwMw?hl=en-IN&gl=IN&ceid=IN%3Aen
75,State border closures and COVID-19: A lockdown survival guide for travellers,news.google.com/./articles/CBMibmh0dHBzOi8vd3d3LnRyYXZlbGxlci5jb20uYXUvc3RhdGUtYm9yZGVyLWNsb3N1cmVzLWFuZC1jb3ZpZDE5LWEtbG9ja2Rvd24tc3Vydml2YWwtZ3VpZGUtZm9yLXRyYXZlbGxlcnMtaDF3dWVi0gEA?hl=en-IN&gl=IN&ceid=IN%3Aen
76,Migrant workers flee Dhaka as Bangladesh government announces stricter Covid lockdown,news.google.com/./articles/CBMihgFodHRwczovL3d3dy50ZWxlZ3JhcGhpbmRpYS5jb20vd29ybGQvbWlncmFudC13b3JrZXJzLWZsZWUtZGhha2EtYXMtYmFuZ2xhZGVzaC1nb3Zlcm5tZW50LWFubm91bmNlcy1zdHJpY3Rlci1jb3ZpZC1sb2NrZG93bi9jaWQvMTgyMDMwNtIBigFodHRwczovL3d3dy50ZWxlZ3JhcGhpbmRpYS5jb20vYW1wL3dvcmxkL21pZ3JhbnQtd29ya2Vycy1mbGVlLWRoYWthLWFzLWJhbmdsYWRlc2gtZ292ZXJubWVudC1hbm5vdW5jZXMtc3RyaWN0ZXItY292aWQtbG9ja2Rvd24vY2lkLzE4MjAzMDY?hl=en-IN&gl=IN&ceid=IN%3Aen
77,Thessaloniki Doc Fest Selection Explores Life Under Lockdown in Athens Nursing Home,news.google.com/./articles/CAIiEKAKnRw-grsW9QJeevNoc-wqFwgEKg8IACoHCAowraj2AjC5-iIwzItb?hl=en-IN&gl=IN&ceid=IN%3Aen
78,"Hundreds soak up the sun in Sydney despite lockdown rules, with July 9 lift under threat",news.google.com/./articles/CAIiELzKlEjWVLC_zR9TAOK1AogqGQgEKhAIACoHCAowpLPzCjDR6IMDMOKTxwY?uo=CAUiiQFodHRwczovL3d3dy45bmV3cy5jb20uYXUvbmF0aW9uYWwvbmVhcmx5LTgwLWZpbmVzLWhhbmRlZC1kb3duLWluLWxhc3QtZG93bi1mb3ItY292aWQtYnJlYWNoZXMtaW4tbnN3L2VmYTdhMjJiLTNjZTYtNDhiYy04NjUwLTcwNzlhZjllMDM5YtIBAA&hl=en-IN&gl=IN&ceid=IN%3Aen
79,"As it happened: NSW records 35 new cases, eight in Queensland and none in Victoria",news.google.com/./articles/CBMiemh0dHBzOi8vd3d3LnNtaC5jb20uYXUvbmF0aW9uYWwvYXVzdHJhbGlhLWNvdmlkLWxvY2tkb3duLWNvdWxkLWV4dGVuZC1pbi1zeWRuZXktYXMtY2FzZS1udW1iZXJzLXN1cmdlLTIwMjEwNzAzLXA1ODZocC5odG1s0gF6aHR0cHM6Ly9hbXAuc21oLmNvbS5hdS9uYXRpb25hbC9hdXN0cmFsaWEtY292aWQtbG9ja2Rvd24tY291bGQtZXh0ZW5kLWluLXN5ZG5leS1hcy1jYXNlLW51bWJlcnMtc3VyZ2UtMjAyMTA3MDMtcDU4NmhwLmh0bWw?hl=en-IN&gl=IN&ceid=IN%3Aen
80,Covid: Boris Johnson upbeat about easing lockdown in England on 19 July,news.google.com/./articles/CBMiJmh0dHBzOi8vd3d3LmJiYy5jby51ay9uZXdzL3VrLTU3NjgxMjE20gEqaHR0cHM6Ly93d3cuYmJjLmNvLnVrL25ld3MvdWstNTc2ODEyMTYuYW1w?hl=en-IN&gl=IN&ceid=IN%3Aen
81,Uganda re-imposes lockdown to beat back COVID-19 case surge,news.google.com/./articles/CBMiaWh0dHBzOi8vd3d3LnJldXRlcnMuY29tL3dvcmxkL2FmcmljYS91Z2FuZGEtcmUtaW1wb3Nlcy1sb2NrZG93bi1iZWF0LWJhY2stY292aWQtMTktY2FzZS1zdXJnZS0yMDIxLTA2LTA2L9IBAA?hl=en-IN&gl=IN&ceid=IN%3Aen
82,Dr Zac on how to relieve stress and anxiety during Covid lockdown,news.google.com/./articles/CBMipAFodHRwczovL3d3dy5uZXdzLmNvbS5hdS9saWZlc3R5bGUvaGVhbHRoL21lbnRhbC1oZWFsdGgvZHItemFjLW9uLWhvdy10by1yZWxpZXZlLXN0cmVzcy1hbmQtYW54aWV0eS1kdXJpbmctY292aWQtbG9ja2Rvd24vbmV3cy1zdG9yeS84ZGM3OTM4MTI0N2Y4Y2UzZDI1M2IzMGFkM2U5ZmVhNNIBpAFodHRwczovL2FtcC5uZXdzLmNvbS5hdS9saWZlc3R5bGUvaGVhbHRoL21lbnRhbC1oZWFsdGgvZHItemFjLW9uLWhvdy10by1yZWxpZXZlLXN0cmVzcy1hbmQtYW54aWV0eS1kdXJpbmctY292aWQtbG9ja2Rvd24vbmV3cy1zdG9yeS84ZGM3OTM4MTI0N2Y4Y2UzZDI1M2IzMGFkM2U5ZmVhNA?hl=en-IN&gl=IN&ceid=IN%3Aen
83,St George Illawarra Dragons’ Paul Vaughan hosts Sydney house party in lockdown,news.google.com/./articles/CAIiEKvsoFjjOVj8J4rO--9sXoMqMwgEKioIACIQAqTBzZHoEIrcyUrQUNXY6ioUCAoiEAKkwc2R6BCK3MlK0FDV2Oow-N7IBg?uo=CAUicmh0dHBzOi8vN25ld3MuY29tLmF1L3Nwb3J0L3J1Z2J5LWxlYWd1ZS9ucmwtcGxheWVyLWhvc3RzLWhvdXNlLXBhcnR5LWluLW1pZGRsZS1vZi1zeWRuZXktbG9ja2Rvd24tcmVwb3J0LWMtMzMwNTIzMtIBAA&hl=en-IN&gl=IN&ceid=IN%3Aen
84,Flossmoor's long-standing Independence Day parade holds special significance after lockdown,news.google.com/./articles/CBMiggFodHRwOi8vd3d3LmhmY2hyb25pY2xlLmNvbS9waG90b3MvMjAyMS9qdWwvMDMvZmxvc3Ntb29yJUUyJTgwJTk5cy1sb25nLXN0YW5kaW5nLWluZGVwZW5kZW5jZS1kYXktcGFyYWRlLWhvbGRzLXNwZWNpYWwtc2lnbmlmaWNhbmNl0gEA?hl=en-IN&gl=IN&ceid=IN%3Aen
85,South Africa's latest Covid-19 lockdown puts spotlight back on vaccination failures,news.google.com/./articles/CAIiEKWUkXaRAzoJAlFz0d_cYUcqGQgEKhAIACoHCAowypaWCzDduq0DMIj7yQY?hl=en-IN&gl=IN&ceid=IN%3Aen
86,COVID-19 lockdown has lifted in Darwin and Alice Springs. Here are the new rules,news.google.com/./articles/CAIiEMIg9ulD0tX_elTIWxKNm_wqFwgEKg4IACoGCAow3vI9MPeaCDDEvrgG?hl=en-IN&gl=IN&ceid=IN%3Aen
87,I escaped lockdown in a flat to live on a barge,news.google.com/./articles/CBMiXGh0dHBzOi8vd3d3LnRoZXRpbWVzLmNvLnVrL2FydGljbGUvaS1lc2NhcGVkLWxvY2tkb3duLWluLWEtZmxhdC10by1saXZlLW9uLWEtYmFyZ2UtaHp6cWhuZzIz0gEA?hl=en-IN&gl=IN&ceid=IN%3Aen
88,"Sunshine Coast man tests positive to COVID-19, no change to lockdown lift",news.google.com/./articles/CAIiEKcxWe6Sao1q7QILi0s8rpkqGQgEKhAIACoHCAowpLPzCjDR6IMDMOKTxwY?uo=CAUingFodHRwczovL3d3dy45bmV3cy5jb20uYXUvbmF0aW9uYWwvY29yb25hdmlydXMtcXVlZW5zbGFuZC11cGRhdGVzLW5ldy1jYXNlcy1sb2NrZG93bi1leHRlbmRlZC1ncmVhdGVyLWJyaXNiYW5lLW1vcmV0b24tYmF5LzVhY2Y1NTg0LTE0YTQtNDI2OC1iMzdkLTUwOGI5NzJmNTUxMdIBAA&hl=en-IN&gl=IN&ceid=IN%3Aen
89,Busy scenes at Bondi continue during Sydney lockdown,news.google.com/./articles/CBMijwFodHRwczovL3d3dy50aGVhdXN0cmFsaWFuLmNvbS5hdS9icmVha2luZy1uZXdzL2J1c3ktc2NlbmVzLWF0LWJvbmRpLWNvbnRpbnVlLWR1cmluZy1zeWRuZXktbG9ja2Rvd24vbmV3cy1zdG9yeS8wZGFhMGMyOTYwNDkxNzA3ZWVmZWVmYTI0NTA3ODkxNNIBjwFodHRwczovL2FtcC50aGVhdXN0cmFsaWFuLmNvbS5hdS9icmVha2luZy1uZXdzL2J1c3ktc2NlbmVzLWF0LWJvbmRpLWNvbnRpbnVlLWR1cmluZy1zeWRuZXktbG9ja2Rvd24vbmV3cy1zdG9yeS8wZGFhMGMyOTYwNDkxNzA3ZWVmZWVmYTI0NTA3ODkxNA?hl=en-IN&gl=IN&ceid=IN%3Aen
90,Brides-to-be and businesses scramble as Brisbane and Moreton Bay's lockdown continues,news.google.com/./articles/CAIiEDS-vikwuEZmhQJXzd--6lEqFwgEKg4IACoGCAow3vI9MPeaCDD6kIkG?hl=en-IN&gl=IN&ceid=IN%3Aen
91,Leo Varadkar says that a fourth wave doesn't mean another lockdown,news.google.com/./articles/CAIiEBV7Agn9h04jwB0dasGfaUYqGQgEKhAIACoHCAow6KD9CjDuy_QCMI7o0wU?hl=en-IN&gl=IN&ceid=IN%3Aen
92,11 Arrested in Armed Roadside Standoff in Massachusetts,news.google.com/./articles/CAIiEDa9lrKxUeeEUwhy2lPt46wqFwgEKg8IACoHCAowjuuKAzCWrzwwqIQY?hl=en-IN&gl=IN&ceid=IN%3Aen
93,What are we allowed to do on 19th July when lockdown eases?,news.google.com/./articles/CBMiYGh0dHBzOi8vd3d3LndvbWFuYW5kaG9tZS5jb20vdXMvbGlmZS93aGF0LWFyZS13ZS1hbGxvd2VkLXRvLWRvLW9uLTE5dGgtanVseS13aGVuLWxvY2tkb3duLWVhc2VzL9IBZGh0dHBzOi8vd3d3LndvbWFuYW5kaG9tZS5jb20vdXMvYW1wL2xpZmUvd2hhdC1hcmUtd2UtYWxsb3dlZC10by1kby1vbi0xOXRoLWp1bHktd2hlbi1sb2NrZG93bi1lYXNlcy8?hl=en-IN&gl=IN&ceid=IN%3Aen
94,James Vincent McMorrow on lockdown: ‘You question how well-rounded you are’,news.google.com/./articles/CAIiELpzd0Ofc3016yyh6nBbRW0qGQgEKhAIACoHCAowqfqFCzD7v4MDMIK7jQY?hl=en-IN&gl=IN&ceid=IN%3Aen
95,Private schools set for surge in admissions after lockdown chaos,news.google.com/./articles/CBMibWh0dHBzOi8vd3d3LnRoZXRpbWVzLmNvLnVrL2FydGljbGUvcHJpdmF0ZS1zY2hvb2xzLXNldC1mb3Itc3VyZ2UtaW4tYWRtaXNzaW9ucy1hZnRlci1sb2NrZG93bi1jaGFvcy0wZzJ4dmd3eHHSAQA?hl=en-IN&gl=IN&ceid=IN%3Aen
96,"'I used every day in lockdown, now I'm drug-free'",news.google.com/./articles/CBMiJmh0dHBzOi8vd3d3LmJiYy5jby51ay9uZXdzL3VrLTU3Njg4OTYx0gEA?hl=en-IN&gl=IN&ceid=IN%3Aen
97,Brad Hazzard warns against affection within homes during lockdown,news.google.com/./articles/CBMinAFodHRwczovL3d3dy50aGVhdXN0cmFsaWFuLmNvbS5hdS9icmVha2luZy1uZXdzL2JyYWQtaGF6emFyZC13YXJucy1hZ2FpbnN0LWFmZmVjdGlvbi13aXRoaW4taG9tZXMtZHVyaW5nLWxvY2tkb3duL25ld3Mtc3RvcnkvZjRhZmMyNjYxMGU5MzA1MDJiZGM5OGY5OGFmZWU5YTDSAZwBaHR0cHM6Ly9hbXAudGhlYXVzdHJhbGlhbi5jb20uYXUvYnJlYWtpbmctbmV3cy9icmFkLWhhenphcmQtd2FybnMtYWdhaW5zdC1hZmZlY3Rpb24td2l0aGluLWhvbWVzLWR1cmluZy1sb2NrZG93bi9uZXdzLXN0b3J5L2Y0YWZjMjY2MTBlOTMwNTAyYmRjOThmOThhZmVlOWEw?hl=en-IN&gl=IN&ceid=IN%3Aen
98,Jana Hocking reveals the savage effect lockdown has on marriage,news.google.com/./articles/CBMipAFodHRwczovL3d3dy5uZXdzLmNvbS5hdS9saWZlc3R5bGUvcmVsYXRpb25zaGlwcy9tYXJyaWFnZS9qYW5hLWhvY2tpbmctcmV2ZWFscy10aGUtc2F2YWdlLWVmZmVjdC1sb2NrZG93bi1oYXMtb24tbWFycmlhZ2UvbmV3cy1zdG9yeS81ZjQyNjhmMDc1MjNiOTgyM2I2NmIyMWUxZGJlZTBjONIBpAFodHRwczovL2FtcC5uZXdzLmNvbS5hdS9saWZlc3R5bGUvcmVsYXRpb25zaGlwcy9tYXJyaWFnZS9qYW5hLWhvY2tpbmctcmV2ZWFscy10aGUtc2F2YWdlLWVmZmVjdC1sb2NrZG93bi1oYXMtb24tbWFycmlhZ2UvbmV3cy1zdG9yeS81ZjQyNjhmMDc1MjNiOTgyM2I2NmIyMWUxZGJlZTBjOA?hl=en-IN&gl=IN&ceid=IN%3Aen
